domain,method,mean_best_iou,lo,hi,n_files,n_spans,secondary_metric,k_mode,smoke,preliminary
py,blt,0.39053659297834087,0.3306862420136155,0.48634456632636347,6,54,True,calibrated,True,True
py,whitespace,0.6966673628557687,0.6102804232485628,0.7636321145069513,6,54,True,calibrated,True,True
py,h0,0.34574501259278523,0.30765701268515167,0.38675513600926126,6,54,True,calibrated,True,True
cpp,blt,0.3873953314693697,0.34099412182236216,0.4392971200682164,6,83,True,calibrated,True,True
cpp,whitespace,0.6020925629180717,0.5494676624730467,0.7589483931046463,6,83,True,calibrated,True,True
cpp,h0,0.3799861976027834,0.36590068965099937,0.394941518068466,6,83,True,calibrated,True,True
prose,blt,0.36973318739255134,0.3533539607166088,0.38063513070610056,6,298,True,calibrated,True,True
prose,whitespace,,,,6,298,True,calibrated,True,True
prose,h0,0.3339338480946272,0.3268981857929921,0.3421675705378719,6,298,True,calibrated,True,True
