domain,k,metric,n_files,blt_start,blt_end,blt_start_minus_end,blt_start_minus_end_lo,blt_start_minus_end_hi,margin_h0_start,margin_h0_end,margin_start_minus_end,margin_start_minus_end_lo,margin_start_minus_end_hi,precision_gt_recall_at_starts,bootstrap_share_precision_gt_recall,k_mode,smoke,preliminary
py,0,precision,6,0.08793969849246232,0.002512562814070352,0.08542713567839197,0.05587769918093824,0.11471321695760599,0.060130150753768846,-0.02106180904522613,0.08119195979899498,0.054786520765535425,0.10700662393162394,False,0.0,calibrated,True,True
py,0,recall,6,0.7,0.025,0.6749999999999999,0.48,0.8333333333333333,0.47863599999999995,-0.209565,0.688201,0.48413557312252964,0.8626294677871148,False,0.0,calibrated,True,True
py,0,f1,6,0.15625,0.0045662100456621,0.1516837899543379,0.1004566210045662,0.20051607780865421,0.10683839285714286,-0.03827671232876712,0.14511510518590998,0.09924851074525574,0.18886305676855894,False,0.0,calibrated,True,True
cpp,0,precision,6,0.142433234421365,0.0,0.142433234421365,0.058823529411764705,0.2661596958174905,0.11837715133531158,-0.03569940652818991,0.1540765578635015,0.06570508021390374,0.2796634980988593,False,0.0,calibrated,True,True
cpp,0,recall,6,0.8727272727272727,0.0,0.8727272727272727,0.7586206896551724,1.0,0.7253290909090908,-0.16040933333333332,0.8857384242424241,0.766301479076479,1.0363823708206688,False,0.0,calibrated,True,True
cpp,0,f1,6,0.24489795918367346,0.0,0.24489795918367346,0.11055276381909548,0.39892183288409705,0.2035362244897959,-0.058401456310679604,0.2619376808004755,0.12320459350829195,0.4124725390362433,False,0.0,calibrated,True,True
prose,0,precision,6,0.3179650238473768,0.030206677265500796,0.287758346581876,0.21706586826347307,0.34477379095163807,0.21876406995230524,-0.039998092209856916,0.25876216216216213,0.20157500000000003,0.30255741324921137,False,0.0,calibrated,True,True
prose,0,recall,6,0.9216589861751152,0.12666666666666668,0.7949923195084485,0.747880139184487,0.8455955955955956,0.6341133640552995,-0.1677253333333333,0.8018386973886328,0.7590848419736687,0.8496680887109194,False,0.0,calibrated,True,True
prose,0,f1,6,0.4728132387706856,0.04878048780487805,0.42403275096580756,0.33802934974120596,0.4856087002428465,0.32530165484633566,-0.06459255455712452,0.3898942094034602,0.3190468323931183,0.44185646642116944,False,0.0,calibrated,True,True
