sample_id,region_id,language,start_byte,end_byte,region_length,is_memory_unsafe,mean_identifier_entropy_nats,identifier_byte_proportion,all_boundary_density,inverse_bpp_compute_density
synthetic_cpp_0,unit0,cpp,0,52,52,1,0.2,0.15384615384615385,0.057692307692307696,0.07371794871794872
synthetic_cpp_0,unit1,cpp,52,105,53,0,0.0,0.0,0.07547169811320754,0.07861635220125787
synthetic_cpp_1,unit0,cpp,0,52,52,1,0.2,0.15384615384615385,0.11538461538461539,0.11752136752136752
synthetic_cpp_1,unit1,cpp,52,105,53,0,0.0,0.0,0.018867924528301886,0.03563941299790356
synthetic_cpp_2,unit0,cpp,0,52,52,1,0.2,0.15384615384615385,0.057692307692307696,0.0673076923076923
synthetic_cpp_2,unit1,cpp,52,105,53,0,0.0,0.0,0.07547169811320754,0.08490566037735849
synthetic_cpp_3,unit0,cpp,0,52,52,1,0.2,0.15384615384615385,0.09615384615384616,0.10523504273504274
synthetic_cpp_3,unit1,cpp,52,105,53,0,0.0,0.0,0.03773584905660377,0.04769392033542977
synthetic_cpp_4,unit0,cpp,0,52,52,1,0.2,0.15384615384615385,0.038461538461538464,0.05673076923076924
synthetic_cpp_4,unit1,cpp,52,105,53,0,0.0,0.0,0.09433962264150944,0.09528301886792452
