domain,k,metric,n_files,blt_start,blt_end,blt_start_minus_end,blt_start_minus_end_lo,blt_start_minus_end_hi,margin_h0_start,margin_h0_end,margin_start_minus_end,margin_start_minus_end_lo,margin_start_minus_end_hi,precision_gt_recall_at_starts,bootstrap_share_precision_gt_recall,k_mode,preliminary
prose,0,precision,300,0.3436007021292834,0.016377928718614057,0.32722277341066935,0.320186669475893,0.33419309932132835,0.24110515912386477,-0.05053833015339999,0.29164348927726474,0.28534760679437926,0.29792876742135316,False,0.0,grid_uncalibrated,True
prose,0,recall,300,0.8938256898947786,0.06573546529436991,0.8280902246004087,0.8215048565528198,0.8344042068856241,0.6271989080802064,-0.20284376033817314,0.8300426684183795,0.8236221755682922,0.8362056028518127,False,0.0,grid_uncalibrated,True
prose,0,f1,300,0.4963836824696803,0.026222537207654145,0.4701611452620261,0.46232718692455854,0.4777616993275947,0.34831321940463067,-0.08091641291331657,0.42922963231794725,0.4219370957199226,0.4364662944554612,False,0.0,grid_uncalibrated,True
prose,1,precision,300,0.4550255666641227,0.2582156757994352,0.19680989086468748,0.19056439652363258,0.20300698204947462,0.14905751812562013,0.06785811646187895,0.08119940166374118,0.07680017829079248,0.08554299564821541,False,0.0,grid_uncalibrated,True
prose,1,recall,300,0.8967639467937264,0.9098817619310176,-0.013117815137291156,-0.018093680921746024,-0.007909995312628848,0.3161332896565415,0.3298697175764258,-0.013736427919884275,-0.018834775029344237,-0.008355613458961214,False,0.0,grid_uncalibrated,True
prose,1,f1,300,0.6037190242880135,0.40227078061413235,0.20144824367388114,0.19557890486677657,0.20715763206144633,0.20296403119223566,0.11562998736225327,0.08733404382998239,0.08272084412094488,0.09197019412266091,False,0.0,grid_uncalibrated,True
prose,2,precision,300,0.5784934747767687,0.32645958940700603,0.2520338853697627,0.2449762768010981,0.2590883037048319,0.11739053651835463,0.02390442646722124,0.09348611005113339,0.0879185566686986,0.09909888312933898,False,0.0,grid_uncalibrated,True
prose,2,recall,300,0.9037919396466151,0.9176621944495497,-0.013870254802934578,-0.018523215121614832,-0.009228579828972485,0.12515963073257907,0.14164467928689572,-0.01648504855431665,-0.021250981643963933,-0.011691359467070384,False,0.0,grid_uncalibrated,True
prose,2,f1,300,0.7054481337452712,0.48159211919863454,0.22385601454663662,0.21772175394897364,0.2298757180382387,0.12624439442744684,0.04622395067199886,0.08002044375544798,0.07453214511736182,0.08554512457989782,False,0.0,grid_uncalibrated,True
prose,3,precision,300,0.6268030222086545,0.41082194917194537,0.2159810730367091,0.20873632994550542,0.22316032732222343,0.046300244218881015,0.003839323818972784,0.04246092039990823,0.036692225605805956,0.048113637557908116,False,0.0,grid_uncalibrated,True
prose,3,recall,300,0.9626761961485011,0.9392881210561784,0.023388075092322658,0.018854125474463305,0.027913792772687445,0.07331210244192976,0.05379326716902544,0.019518835272904322,0.01495920482287809,0.024100669655262152,False,0.0,grid_uncalibrated,True
prose,3,f1,300,0.7592528951437052,0.5716277290801223,0.18762516606358293,0.1812628582214373,0.19385019142157026,0.0567697832613413,0.013968464357899113,0.04280131890344219,0.0374945143144434,0.04801147013576364,False,0.0,grid_uncalibrated,True
prose,4,precision,300,0.7192398687323514,0.5127222773410669,0.20651759139128445,0.19899702225453111,0.2140494103860466,0.04315797908875829,0.009663437380752371,0.03349454170800592,0.028231216748603707,0.03874321580741489,False,0.0,grid_uncalibrated,True
prose,4,recall,300,0.9786777843954735,0.9810083930650003,-0.0023306086695268347,-0.004790769410369228,9.886770108261313e-05,0.029069033154655588,0.0356077620535441,-0.006538728898888513,-0.009042273974891801,-0.004091828598156433,False,0.0,grid_uncalibrated,True
prose,4,f1,300,0.8291380678953063,0.6734612435135341,0.15567682438177222,0.1498672865886163,0.16145986501400672,0.03930356578890848,0.016774392047406494,0.022529173741501984,0.018256659625096462,0.026886635182919956,False,0.0,grid_uncalibrated,True
prose,5,precision,300,0.7740364801953751,0.6040601388994886,0.16997634129588646,0.16244643469221307,0.1774249746294493,0.02577286575593385,0.015306706861024089,0.01046615889490976,0.005543001383780598,0.015317977800612477,False,0.0,grid_uncalibrated,True
prose,5,recall,300,0.9912646416517769,0.9895239845616615,0.001740657090115394,-0.0002161705093328106,0.003696696388463172,0.013986134603930944,0.015939508668749602,-0.001953374064818658,-0.003931131613307509,2.3111663514335465e-05,False,0.0,grid_uncalibrated,True
prose,5,f1,300,0.869285114783613,0.7501731308171693,0.11911198396644374,0.11365645245041925,0.12455191897466247,0.02171154484107285,0.016399471928904452,0.005312072912168397,0.0016175277106972258,0.00899623124331804,False,0.0,grid_uncalibrated,True
prose,6,precision,300,0.8208349233000076,0.6777684499732886,0.14306647332671907,0.1356405530194679,0.15042780968311661,0.017197565443028306,0.013990461726322123,0.0032071037167061833,-0.0015750124886400976,0.007851502192964502,False,0.0,grid_uncalibrated,True
prose,6,recall,300,0.994322017073655,0.9941799914231453,0.00014202565050969174,-0.0013087543968496674,0.0016238824651819326,0.005351566408576591,0.008089370826441233,-0.002737804417864642,-0.004201338467743912,-0.0012454120388322252,False,0.0,grid_uncalibrated,True
prose,6,f1,300,0.8992877899055355,0.8060342234220282,0.09325356648350724,0.08819785469925244,0.09822326239388303,0.012564440612114036,0.01258286025241373,-1.8419640299693896e-05,-0.0032907356842775677,0.003250682543561854,False,0.0,grid_uncalibrated,True
prose,7,precision,300,0.853606044417309,0.7421811798824697,0.11142486453483935,0.10463131541771756,0.11825247349761091,0.00592786842707782,0.013892577272380358,-0.007964708845302537,-0.01213345781030379,-0.0036487301268938125,False,0.0,grid_uncalibrated,True
prose,7,recall,300,0.9972205677982926,0.995895362372113,0.001325205426179643,0.00013530800491768922,0.002559246808279844,0.0032025809013300766,0.003950621821969036,-0.0007480409206389593,-0.0019258042254069075,0.00048119082733831645,False,0.0,grid_uncalibrated,True
prose,7,f1,300,0.9198414358986144,0.8505204196888018,0.06932101620981268,0.0649851703927179,0.07362298993003193,0.004807380863870336,0.010608727668539708,-0.005801346804669372,-0.008562432500347356,-0.002961133195547727,False,0.0,grid_uncalibrated,True
prose,8,precision,300,0.8836144394413493,0.7951614134167748,0.0884530260245745,0.08228965150672933,0.09490744204831458,0.00048522475768908446,0.012282950469358234,-0.01179772571166915,-0.015265878378132237,-0.008283437819377737,False,0.0,grid_uncalibrated,True
prose,8,recall,300,0.9982926345046654,0.9976107333210806,0.0006819011835847988,-0.00021235510716409992,0.0016204667601632137,0.0017982807226522013,0.0025034307418978496,-0.0007051500192456484,-0.0015999864400240648,0.00023582368065104545,False,0.0,grid_uncalibrated,True
prose,8,f1,300,0.9374594514772224,0.8849552489877329,0.052504202489489504,0.04881426901028248,0.05638242675324678,0.0010663450526449125,0.008628688206517743,-0.00756234315387283,-0.009748047744238677,-0.005332767050961144,False,0.0,grid_uncalibrated,True
