domain,k,n_files,n_pred,n_targets,precision_blt,recall_blt,f1_blt,precision_h0_mean,recall_h0_mean,f1_h0_mean,f1_h0_sd,margin_f1,preliminary
py,0,6,398,50,0.08793969849246232,0.7,0.15625,0.027859296482412064,0.22176000000000004,0.0495,0.012734090270380442,0.10675,True
py,1,6,398,50,0.11055276381909548,0.72,0.19167473378509198,0.08331909547738692,0.4611,0.14098940748072597,0.0228748894591136,0.05068532630436601,True
py,2,6,398,50,0.12311557788944724,0.72,0.21027536059125046,0.13759798994974876,0.6296199999999998,0.22559927136150168,0.027571102950554018,-0.01532391077025122,True
py,3,6,398,50,0.15577889447236182,0.76,0.2585601404741001,0.1894145728643216,0.7378199999999999,0.3011191205340402,0.029805591011434825,-0.04255898005994013,True
py,4,6,398,50,0.1934673366834171,0.84,0.314499659632403,0.23683417085427136,0.80974,0.3660979414115726,0.030863135326843878,-0.051598281779169586,True
py,5,6,398,50,0.2185929648241206,0.9,0.35175202156334234,0.28066582914572863,0.8623000000000001,0.42304487875819985,0.030702069181719322,-0.0712928571948575,True
py,6,6,398,50,0.23115577889447236,0.9,0.36783651710350956,0.3214748743718593,0.90092,0.473406671154882,0.03001913210563784,-0.10557015405137243,True
py,7,6,398,50,0.27638190954773867,0.94,0.4271668181442618,0.36208040201005026,0.92926,0.5206393241516398,0.02942188025073111,-0.09347250600737805,True
py,8,6,398,50,0.3065326633165829,0.94,0.46230750624848826,0.4014723618090453,0.94586,0.5632071643057556,0.02845031785869069,-0.1008996580572673,True
cpp,0,6,337,55,0.142433234421365,0.8727272727272727,0.24489795918367346,0.02386053412462908,0.1462,0.04102551020408163,0.012756704563178867,0.20387244897959184,True
cpp,1,6,337,55,0.16913946587537093,0.8727272727272727,0.28336181450986486,0.07107715133531159,0.3379272727272727,0.1172823676163324,0.021529739475811382,0.16607944689353246,True
cpp,2,6,337,55,0.19287833827893175,0.8909090909090909,0.3171047391477499,0.11593768545994067,0.47870909090909086,0.1864201844381877,0.02593049946510884,0.1306845547095622,True
cpp,3,6,337,55,0.20474777448071216,0.8909090909090909,0.3329722276935198,0.15960237388724036,0.5901818181818181,0.2508890036495218,0.028829851403953728,0.08208322404399798,True
cpp,4,6,337,55,0.23738872403560832,0.9090909090909091,0.3764705882352941,0.2005459940652819,0.6724545454545454,0.3085164247861534,0.03028832891541658,0.06795416344914074,True
cpp,5,6,337,55,0.2818991097922849,0.9090909090909091,0.43035107587768967,0.23929970326409494,0.7330363636363636,0.36032065835257854,0.029687227808652253,0.07003041752511113,True
cpp,6,6,337,55,0.314540059347181,0.9090909090909091,0.4673721340388007,0.2759050445103858,0.78,0.4071167619201765,0.0286624300253744,0.060255372118624195,True
cpp,7,6,337,55,0.3560830860534125,0.9090909090909091,0.511727078891258,0.30993768545994066,0.8165090909090909,0.4488147323978349,0.027988202794684343,0.06291234649342309,True
cpp,8,6,337,55,0.3768545994065282,0.9272727272727272,0.5359093165646203,0.34159643916913945,0.8419454545454544,0.4854944477389257,0.02774541494455564,0.05041486882569457,True
